model_type,seed,epoch,train_loss,validation_loss,validation_auroc,git_commit
glaucoma_only,42,1,1.1558,0.8720,0.8569,unknown
glaucoma_only,42,2,0.9152,0.9082,0.8651,unknown
glaucoma_only,42,3,0.7813,0.8332,0.8765,unknown
glaucoma_only,42,4,0.6445,0.9706,0.8762,unknown
glaucoma_only,42,5,0.6159,1.0565,0.8597,unknown
glaucoma_only,42,6,0.5590,1.2914,0.8482,unknown
glaucoma_only,42,7,0.4937,0.9819,0.8907,unknown
glaucoma_only,42,8,0.4863,0.9234,0.8911,unknown
glaucoma_only,42,9,0.4242,1.1853,0.8591,unknown
glaucoma_only,42,10,0.3648,1.1874,0.8384,unknown
glaucoma_only,42,11,0.3615,0.8970,0.8742,unknown
glaucoma_only,42,12,0.3998,1.1624,0.8897,unknown
glaucoma_only,42,13,0.3477,1.1273,0.8891,unknown
glaucoma_only,43,1,1.1684,1.4703,0.7971,unknown
glaucoma_only,43,2,0.8975,0.9094,0.8662,unknown
glaucoma_only,43,3,0.8406,1.1654,0.9166,unknown
glaucoma_only,43,4,0.6175,1.0728,0.8623,unknown
glaucoma_only,43,5,0.6208,0.9318,0.8865,unknown
glaucoma_only,43,6,0.5613,0.8799,0.8846,unknown
glaucoma_only,43,7,0.5783,0.7700,0.9121,unknown
glaucoma_only,43,8,0.5146,0.7568,0.9120,unknown
glaucoma_only,44,1,1.1489,1.0214,0.8043,unknown
glaucoma_only,44,2,0.8916,1.4117,0.7957,unknown
glaucoma_only,44,3,0.8267,0.9048,0.8560,unknown
glaucoma_only,44,4,0.6725,0.9135,0.8828,unknown
glaucoma_only,44,5,0.5439,0.8511,0.9024,unknown
glaucoma_only,44,6,0.5214,0.8882,0.8682,unknown
glaucoma_only,44,7,0.5464,1.3834,0.8436,unknown
glaucoma_only,44,8,0.4182,1.1706,0.8727,unknown
glaucoma_only,44,9,0.3758,1.4649,0.8832,unknown
glaucoma_only,44,10,0.3362,0.9329,0.9260,unknown
glaucoma_only,44,11,0.4843,1.6825,0.7942,unknown
glaucoma_only,44,12,0.3270,1.0557,0.8558,unknown
glaucoma_only,44,13,0.2601,1.7950,0.8759,unknown
glaucoma_only,44,14,0.3449,1.4434,0.8633,unknown
glaucoma_only,44,15,0.2774,1.2813,0.8607,unknown